class	run	parent_id	child_id	delta
A1	1	bce75308-c5d6-42ef-b5a1-a2969744059c	5ea4f007-48de-45ac-814a-43445f344dd9	-0.0003829192626342848
A1	1	bd0f5c9b-f668-4939-a905-f0e7d7898b3e	0a256d33-42a1-4c0f-be2d-603f87c2bacf	0.0075277503166250315
A1	1	bd0f5c9b-f668-4939-a905-f0e7d7898b3e	4a559994-adbb-4e7b-96c5-a525df9ff4d1	0.0075277503166250315
A1	1	bd0f5c9b-f668-4939-a905-f0e7d7898b3e	51820602-85d8-4d1d-9c59-20bdbe0911ab	0.0036930664392693935
A1	1	bd0f5c9b-f668-4939-a905-f0e7d7898b3e	603ff083-fdba-4e31-8a51-37574d3c82ba	0.0017275660713223506
A1	1	bd0f5c9b-f668-4939-a905-f0e7d7898b3e	7b8f92db-9a64-457e-8745-0c561f82a023	0.007527667969888435
A1	1	bd0f5c9b-f668-4939-a905-f0e7d7898b3e	cdadac07-d95b-43c4-9bb7-6e57c0a7f45e	0.0027721810830315247
A1	1	bd0f5c9b-f668-4939-a905-f0e7d7898b3e	edb182d6-fe1b-46a4-afb8-8c7fabb38023	0.007736915770598152
A1	1	bd0f5c9b-f668-4939-a905-f0e7d7898b3e	f2baf9cc-3230-4c29-8fb2-853be5009ac4	0.0035967806551004677
A1	2	2dc4c88a-f185-4230-8b3b-7b8360b72807	3e330a8e-651d-4a46-8943-6f9cb2578554	0.0001687586256546164
A1	2	2dc4c88a-f185-4230-8b3b-7b8360b72807	a1e4feff-cfc0-49d4-a51f-02c4a0837c1f	0.0028781448502408213
A1	2	2f2332b6-bd8d-4d82-b30e-d1f14fa39078	34f80ded-4672-4022-972d-032a6b6ca3d7	0.0029801159968539104
A1	3	ee45fc03-e871-4eed-8429-22dc6abfb2c2	984e4632-f6f2-498c-8b98-ef388dccd688	0.0027853376610531
A1	4	25a6f29b-ea59-44a6-a17d-17810dbee563	0fb367bd-fc57-4515-a186-b81511cef35f	0.01848400896906388
A1	4	25a6f29b-ea59-44a6-a17d-17810dbee563	7aa92e96-a71b-4863-b53b-558287cccb48	0.01848400896906388
A1	5	8e75c695-9274-46f6-b18f-36fa3e7dc86f	420e277e-004a-42ac-900b-b65a93fd0b10	-0.008163648654487071
A1	5	f700c72c-366f-4600-a7dd-e607ad069aae	984fdda6-86f8-4706-a3d5-547ce566d8fc	0.010580758686735442
A2	1	0e77772a-f113-4ee0-b02c-a0c79e26b76b	bd0f5c9b-f668-4939-a905-f0e7d7898b3e	0.007084401451477901
A2	1	582b0665-a80a-4c9b-a869-a64a794a05ca	e57c58fe-132e-49e8-b14f-cd04fd1b901c	-0.0014083720697292412
A2	1	5d7911a6-65c3-4d8a-9f11-b502901a7645	ebdcb9cd-4d1f-467b-9810-48fade2b8e95	0.0038673039351927313
A2	1	6643b601-ed09-436e-8c4e-6f191a845e74	3af7aced-b8cb-48c6-afa2-88a2e35526c2	0.013156940362559225
A2	1	670ad858-51ec-41bc-bcd0-c3f274f61bbc	cd71ca0f-b445-4e91-8b20-31cb73ed548a	-0.008811919148198372
A2	1	6fdf613a-4378-4875-a495-cf5e3b6ba410	190ec0a6-993b-47e0-a9c9-db58e21b5fa2	0.007632129065374402
A2	1	7c34a251-1889-4078-9b4a-904bc80c1df4	aaf158b0-13aa-4c9a-9fab-8ba54ca325ce	0.0021975347827380837
A2	1	d24788f8-70e7-4230-a482-df32ea2b3b6f	c5164c43-bfe1-4784-bf65-85e885ba1895	-0.009256706423874425
A2	2	15b7a378-b6fc-4e2b-92ae-731daad7f7f1	3bacb446-df4c-4eec-8498-8e5a1fb9ae52	-0.008267218110253743
A2	2	15b7a378-b6fc-4e2b-92ae-731daad7f7f1	9c7901aa-0354-4be6-83d2-ab066541920a	-0.002647220417362081
A2	2	2f2332b6-bd8d-4d82-b30e-d1f14fa39078	34f80ded-4672-4022-972d-032a6b6ca3d7	0.0029801159968539104
A2	3	4bbbc6d2-0c44-4672-9e71-6564a1633aa3	a3cf1200-2e5b-4473-b0e7-9de092e41cf9	0.004029390040949349
A2	4	8777238d-bbcc-45f2-85a6-c11933a7e80a	35f7318a-f162-4453-8310-6a11b2e038ac	0.0084228630949231
A2	4	c840f89c-e942-4285-9cd0-c6ecd5bc87b3	25a6f29b-ea59-44a6-a17d-17810dbee563	0.00031350088509515817
A2	4	ca49e2ab-ebc4-4813-af2c-e4d2068ef23b	1e3ea52c-277a-4e86-8c25-463e0309e178	-0.005961082971231588
A2	4	ca49e2ab-ebc4-4813-af2c-e4d2068ef23b	4ab6a28b-9773-4e3a-a5e4-ce24c686d168	-0.008956378790062253
A2	4	f321050c-0eef-4c63-baf6-c4150d58196e	9d4e1cfb-dfb4-41db-9c9a-206bf6d5925f	-0.018559489426273362
A2	5	5a60bbe2-4166-42c2-b0e2-cd82d6389199	c8991aef-27e8-467e-bb03-b7387b282baa	-0.010409066106551346
H1	1	0a256d33-42a1-4c0f-be2d-603f87c2bacf	f2f43e77-cc0e-47f8-b182-eb9da1f804f4	0.0
H1	1	190ec0a6-993b-47e0-a9c9-db58e21b5fa2	e9c8d13a-0ff0-453f-8ea3-879733b6e350	0.01092389874942333
H1	1	5e136490-e493-4448-a5a5-f94055e0c55b	bec07baf-e9ab-4247-8123-7fe1bdc8b7b7	0.011961971552332085
H1	1	5e136490-e493-4448-a5a5-f94055e0c55b	df3a7b6f-c27b-4229-886a-fab4d710bd7d	0.0
H1	1	bec07baf-e9ab-4247-8123-7fe1bdc8b7b7	a8ce47a3-1e16-4378-9fa1-aacaf118290a	0.0
H1	1	d24788f8-70e7-4230-a482-df32ea2b3b6f	061fbe46-931d-434a-a365-6935ae479bb4	0.028510141139676426
H1	1	d24788f8-70e7-4230-a482-df32ea2b3b6f	3f46e909-f125-4393-84a6-513abd06a321	0.028510141139676426
H1	2	0f7666d0-d632-494e-a2f8-74e158fe4cd9	22851003-0157-43ac-a921-ae437687c414	0.007072415344426847
H1	2	0fd9e4b2-3748-4276-b476-12e4af0445b7	5b294d65-402f-4e34-89cb-5d2ca1d14b76	-0.0012235666449218058
H1	2	15b7a378-b6fc-4e2b-92ae-731daad7f7f1	e4bb6d64-0835-4686-8f6d-07ea3a62f50d	0.028510141139676426
H1	2	2dc4c88a-f185-4230-8b3b-7b8360b72807	8c975555-af20-49e8-9b76-cabf48b3401f	0.005278542385384805
H1	2	2dc4c88a-f185-4230-8b3b-7b8360b72807	c524c78a-0c41-4671-95d2-b7ca388e015a	0.005278542385384805
H1	2	e4bb6d64-0835-4686-8f6d-07ea3a62f50d	891ecdd5-982a-44c3-9312-07082ab959d8	0.008821858560098789
H1	3	4bbbc6d2-0c44-4672-9e71-6564a1633aa3	a3cf1200-2e5b-4473-b0e7-9de092e41cf9	0.004029390040949349
H1	3	4bbbc6d2-0c44-4672-9e71-6564a1633aa3	ee432dee-fe07-4fcd-97ef-734c00dcf732	-0.01219820404396088
H1	3	73b4b3d5-7b93-4d95-90e7-a4d1d4548d84	83570412-803d-4a80-8748-157adb91fded	0.00431990059617629
H1	4	0cec65ac-7c0c-433b-87b2-ddfce5e26b00	bd47f7ae-3960-4730-9a38-6559a7d79a4f	0.0021108438040831623
H1	4	0cec65ac-7c0c-433b-87b2-ddfce5e26b00	c2af4aef-f635-43c3-8302-8a711f84e043	0.0
H1	4	3708e5df-2a38-40b8-8fd2-dec56600b6cc	77f2bc11-7378-45a7-a5c2-ccb8fca9966e	0.0026692337844879677
H1	4	7990f1f1-8dad-4e1b-a701-8b50710ef25c	3a5cd7fe-d8ae-4eda-9fe9-873d4e90f346	0.0
H1	4	7990f1f1-8dad-4e1b-a701-8b50710ef25c	7e74fcfb-1733-4ef0-b0f6-4bc20273f9e1	0.0
H1	4	7990f1f1-8dad-4e1b-a701-8b50710ef25c	7e7abc80-3761-4757-bc6a-a61fba479b22	-0.012003001641675767
H1	4	f321050c-0eef-4c63-baf6-c4150d58196e	140705b9-136c-4e6d-b00a-e7387f4431c9	0.0
H1	4	f321050c-0eef-4c63-baf6-c4150d58196e	b2ab692c-80fc-40c0-8ee2-d496b9bda309	-0.00384212746494951
H1	5	7894c5d4-e004-44fe-9414-93b9b6f43e95	85489bfd-4600-43fa-99b7-d13285b94fed	0.01092074622331464
H1	5	7dfda247-dfa9-4272-839f-f2709587a6c1	8aabd34a-4340-4053-a6ac-930147c8eebe	-0.018301451624259224
H1	5	7dfda247-dfa9-4272-839f-f2709587a6c1	a2fdd875-e86d-49b2-a441-f57ad530a029	-0.018301451624259224
H1	5	85f00d78-184e-49e9-a9fe-104097601cab	8e75c695-9274-46f6-b18f-36fa3e7dc86f	0.004300887596720829
H1	5	85f00d78-184e-49e9-a9fe-104097601cab	b90cc3aa-7d66-4318-95d6-95713743a5f3	0.001286148452434105
H2	1	7b8f92db-9a64-457e-8745-0c561f82a023	fb42b949-645f-4faa-bf95-f5952dc52d9a	-0.018144161730734326
H2	1	edb182d6-fe1b-46a4-afb8-8c7fabb38023	0f89ccd1-d7f4-4d51-842d-6b0a53ce8df3	-0.004188944647718115
H2	1	edb182d6-fe1b-46a4-afb8-8c7fabb38023	22069117-44b4-48cc-9dcc-40d120b341eb	0.00715459027913562
H2	1	edb182d6-fe1b-46a4-afb8-8c7fabb38023	2bce26f8-987b-4a44-beb2-6f9885e426a3	-0.008353187493361544
H2	3	7890ce67-7504-4f41-9014-ada61e30410a	3432dfe6-e654-4691-b189-9fc05d4c03bb	0.02150197492435968
H2	3	7890ce67-7504-4f41-9014-ada61e30410a	c43b5c45-c4e0-4f23-90cb-92c3bfa674c5	0.030971035917942716
H2	3	7890ce67-7504-4f41-9014-ada61e30410a	ec91a84d-e8ec-40da-8230-1e3afcf53bf6	0.030971035917942716
H2	4	ca49e2ab-ebc4-4813-af2c-e4d2068ef23b	000986ec-2a34-4f6a-93cd-77de61539b9e	0.014820774778591228
H2	4	ca49e2ab-ebc4-4813-af2c-e4d2068ef23b	1ef7947e-8a6a-4941-bd3e-d432ee2adfd6	0.014820774778591228
H2	4	ca49e2ab-ebc4-4813-af2c-e4d2068ef23b	3d11e72a-3daf-4c96-81ff-69e38b044100	0.014820774778591228
H2	4	ca49e2ab-ebc4-4813-af2c-e4d2068ef23b	4ff47bc3-af6f-4fe9-988e-28d2539b906d	0.014820774778591228
H2	4	ca49e2ab-ebc4-4813-af2c-e4d2068ef23b	64b1a54b-063c-4ed1-9909-593907daff34	0.014820774778591228
H2	4	ca49e2ab-ebc4-4813-af2c-e4d2068ef23b	b3dc42a8-77d7-4b42-b216-108c858699e8	0.014820774778591228
H2	4	ca49e2ab-ebc4-4813-af2c-e4d2068ef23b	c840f89c-e942-4285-9cd0-c6ecd5bc87b3	0.014820774778591228
H2	4	ca49e2ab-ebc4-4813-af2c-e4d2068ef23b	dd432d4f-c586-4f34-8dd3-b92cdaff7d79	0.014820774778591228
H2	5	30a17437-dd06-41a3-917a-6f1a0cb824d3	7a7998aa-9f86-498d-a8b3-fa7f7cce776d	-0.013205435427640966
H2	5	85489bfd-4600-43fa-99b7-d13285b94fed	4fa4fa31-d5dc-46e5-b88b-408193a448b3	-0.017643630222780038
H2	5	85489bfd-4600-43fa-99b7-d13285b94fed	60fb847c-defa-4ef7-ae9c-3d4e6fb12a0b	-0.017643630222780038
H2	5	e398b8bc-5328-4f9a-914c-b159ab95f095	3b3b2161-c73c-4752-ac19-6bda333ccb8d	-0.02199385667256841
H2	5	e398b8bc-5328-4f9a-914c-b159ab95f095	b8322282-6946-4f9f-b92e-7a18ad961bc8	-0.02199385667256841
H3	1	bd0f5c9b-f668-4939-a905-f0e7d7898b3e	0a256d33-42a1-4c0f-be2d-603f87c2bacf	0.0075277503166250315
H3	1	bd0f5c9b-f668-4939-a905-f0e7d7898b3e	4a559994-adbb-4e7b-96c5-a525df9ff4d1	0.0075277503166250315
H3	1	bd0f5c9b-f668-4939-a905-f0e7d7898b3e	51820602-85d8-4d1d-9c59-20bdbe0911ab	0.0036930664392693935
H3	1	bd0f5c9b-f668-4939-a905-f0e7d7898b3e	603ff083-fdba-4e31-8a51-37574d3c82ba	0.0017275660713223506
H3	1	bd0f5c9b-f668-4939-a905-f0e7d7898b3e	7b8f92db-9a64-457e-8745-0c561f82a023	0.007527667969888435
H3	1	bd0f5c9b-f668-4939-a905-f0e7d7898b3e	cdadac07-d95b-43c4-9bb7-6e57c0a7f45e	0.0027721810830315247
H3	1	bd0f5c9b-f668-4939-a905-f0e7d7898b3e	edb182d6-fe1b-46a4-afb8-8c7fabb38023	0.007736915770598152
H3	1	bd0f5c9b-f668-4939-a905-f0e7d7898b3e	f2baf9cc-3230-4c29-8fb2-853be5009ac4	0.0035967806551004677
H3	1	d71df570-82fb-4519-b386-bea5f8989e8e	00fb4f0d-6333-40be-b73f-84511b61b3c9	-0.01874619273068448
H3	1	d71df570-82fb-4519-b386-bea5f8989e8e	cef96dfb-31b5-4981-bf2d-8b90e02112c2	-0.017572190457246215
H3	2	2f2332b6-bd8d-4d82-b30e-d1f14fa39078	34f80ded-4672-4022-972d-032a6b6ca3d7	0.0029801159968539104
H3	2	a9db8cb9-b6da-4b38-b963-229e08d015ba	512f9110-f827-449c-8126-b42226d91767	0.007953514682150553
H3	2	a9db8cb9-b6da-4b38-b963-229e08d015ba	b50504cb-fb0d-4bff-b25f-f041400d9454	0.00022629141405988706
H3	2	a9db8cb9-b6da-4b38-b963-229e08d015ba	d1d0c760-04a7-494f-b96e-203ab8a3970e	0.01183486660418609
H3	3	0cf82953-0aeb-493a-ab28-8c1289b9e523	33faba06-4f0a-4c8d-992c-d675485bec1c	-0.022604571624547404
H3	3	0cf82953-0aeb-493a-ab28-8c1289b9e523	46757e41-7f09-4ed3-ba85-de977b961796	0.008436569340643366
H3	3	0cf82953-0aeb-493a-ab28-8c1289b9e523	c3d32515-7a8c-4bf0-9017-af30e5cdf9c4	0.002812157889007766
H3	4	25a6f29b-ea59-44a6-a17d-17810dbee563	0fb367bd-fc57-4515-a186-b81511cef35f	0.01848400896906388
H3	4	25a6f29b-ea59-44a6-a17d-17810dbee563	3dd7fcc5-e50c-4c87-a1f8-a4f79bdb9a96	0.0
H3	4	25a6f29b-ea59-44a6-a17d-17810dbee563	7aa92e96-a71b-4863-b53b-558287cccb48	0.01848400896906388
H3	4	25a6f29b-ea59-44a6-a17d-17810dbee563	94524ee4-61bc-469a-a4fa-62e4c041bdef	-0.020731651473356677
H3	4	25a6f29b-ea59-44a6-a17d-17810dbee563	eb132539-6b63-41f8-8e5d-8964236d0a86	-0.03084201295827138
H3	4	35f7318a-f162-4453-8310-6a11b2e038ac	0cec65ac-7c0c-433b-87b2-ddfce5e26b00	-0.007779761805078167
H3	4	35f7318a-f162-4453-8310-6a11b2e038ac	3f6bcd8a-4e77-48f4-979a-0cf5e85374ee	-0.00156055913423514
H3	4	5f396ba7-3904-4876-972b-69b63a5b252c	1bc99829-f08c-4a2d-b4d4-ea3c2e0bae77	-0.0006962155488274002
H3	4	5f396ba7-3904-4876-972b-69b63a5b252c	fbc5d4cf-bd56-47da-aa98-8359eddaf396	0.0008310406778961194
H3	5	42d3e43b-0461-4771-b28a-9ccc915cd5fd	61db24e3-abdf-4ed2-91eb-e9c2fc30f6f1	0.00097796581663126
H3	5	42d3e43b-0461-4771-b28a-9ccc915cd5fd	87e340a7-6a9f-4fbd-a06f-961e10dc172f	-0.0024872765269621927
H3	5	773338c2-8cc9-4b49-977e-f56bd61e459e	5e27ed3f-1168-454a-b84f-9def001421c8	-0.0007182366724127198
H3	5	8e75c695-9274-46f6-b18f-36fa3e7dc86f	420e277e-004a-42ac-900b-b65a93fd0b10	-0.008163648654487071
H3	5	984fdda6-86f8-4706-a3d5-547ce566d8fc	42d3e43b-0461-4771-b28a-9ccc915cd5fd	-0.01040818543604019
H3	5	f23489d6-acfc-4434-979a-5f119e3000d4	cbe8ba97-8f5d-44eb-8c8e-c35e2f345695	-0.0008492066181839536
H4	1	04a41696-81cb-46c3-b916-b9ffadca9ad6	3af2a5d2-1f24-4d19-895a-a0d5334e3e22	-0.057682154247242656
H4	1	04a41696-81cb-46c3-b916-b9ffadca9ad6	60f298cb-5f0e-41cc-bee1-f85650047812	-0.05445845119841505
H4	1	04a41696-81cb-46c3-b916-b9ffadca9ad6	f0c4e868-8f41-4455-8b53-64fba991dfcb	-0.06466488341002236
H4	1	05619d13-6039-4479-9d12-4ab2e9f0eb87	04a41696-81cb-46c3-b916-b9ffadca9ad6	0.034051668677267416
H4	1	05619d13-6039-4479-9d12-4ab2e9f0eb87	053b24c7-d138-4686-86fe-e63ca831eb8b	-0.030430225301462208
H4	1	05619d13-6039-4479-9d12-4ab2e9f0eb87	1f1e294b-cd26-48fb-a59a-dffd1909af07	-0.003411902616224788
H4	1	05619d13-6039-4479-9d12-4ab2e9f0eb87	dba672a0-e6db-4c76-a6fe-b938b6b6cbb5	-0.030430225301462208
H4	1	1f1e294b-cd26-48fb-a59a-dffd1909af07	539a7b90-3008-4292-83a4-251209c7014d	0.003411902616224788
H4	1	1f1e294b-cd26-48fb-a59a-dffd1909af07	f2e15241-5f6f-4c8b-a5b3-13c770507de3	-0.009454427151523948
H4	1	1fc92485-1b69-45e2-afb1-507e41aa08dd	f7e4bae8-b795-4267-b4dd-bd23e80bcdb2	0.005790539745280543
H4	1	3af7aced-b8cb-48c6-afa2-88a2e35526c2	d71df570-82fb-4519-b386-bea5f8989e8e	0.002113116860005232
H4	1	582b0665-a80a-4c9b-a869-a64a794a05ca	5d7911a6-65c3-4d8a-9f11-b502901a7645	0.000934004404055111
H4	1	807af433-b120-4583-bd5d-75d963245d14	05619d13-6039-4479-9d12-4ab2e9f0eb87	0.0006291125404165321
H4	1	bce75308-c5d6-42ef-b5a1-a2969744059c	5ea4f007-48de-45ac-814a-43445f344dd9	-0.0003829192626342848
H4	1	bce75308-c5d6-42ef-b5a1-a2969744059c	a1adcfa9-b9b2-40c5-af4c-ed85149f66a5	-0.0003829192626342848
H4	1	bce75308-c5d6-42ef-b5a1-a2969744059c	e41861e1-f564-4813-af9b-913887e7c4c3	0.00115258848113578
H4	1	d4d77a88-d51b-4136-b432-0eddea3e2c9d	0cb4ba7a-b5e3-4a01-a368-155ee1aa3046	-0.04990909015231951
H4	2	275ae460-d1b3-4d7b-93de-ca9fed2e1c14	2f2332b6-bd8d-4d82-b30e-d1f14fa39078	-0.04036485886384157
H4	2	2c075db5-5400-417f-8a73-ffdd5d446a34	fd120980-4213-4f21-82c0-ec6efac1d9b3	-0.0033724564105556826
H4	2	2e6b770b-e8a3-4dd7-bb65-cbeb4bf59f27	2dc4c88a-f185-4230-8b3b-7b8360b72807	-0.03546694718529218
H4	2	2e6b770b-e8a3-4dd7-bb65-cbeb4bf59f27	441e83f6-284a-4f6a-b239-049104e54157	-0.029346368961460978
H4	2	2e6b770b-e8a3-4dd7-bb65-cbeb4bf59f27	ad477aed-2e99-48ac-9a99-04ebb5b578b2	-0.03546694718529218
H4	2	2e6b770b-e8a3-4dd7-bb65-cbeb4bf59f27	bb4f15bc-19e7-402e-9763-d8212372b0ba	-0.031885343055654936
H4	2	7ca40b08-117a-4a3e-9462-8e051e352b63	277e5052-1bd8-4631-8898-71b5edd4cc12	-0.04350083947576122
H4	2	7ca40b08-117a-4a3e-9462-8e051e352b63	332355a5-2026-4460-b2b4-a160e9305f2e	-0.03568500793289099
H4	2	7ca40b08-117a-4a3e-9462-8e051e352b63	7ec553b2-1da1-421c-8beb-2607aba8049d	-0.006225803864238419
H4	2	7ca40b08-117a-4a3e-9462-8e051e352b63	b1e95fb3-0cb5-43ef-9a80-98a55cc83f58	-0.045982376686953555
H4	2	7ca40b08-117a-4a3e-9462-8e051e352b63	c89023a1-a5b8-40e7-b748-368db91efcd1	-0.04745537144806021
H4	2	c1c63448-0032-45c2-a597-c77cbe244528	428f1a7a-bd9c-4c5a-a865-edbaf7e72730	0.005754630145314327
H4	2	c1c63448-0032-45c2-a597-c77cbe244528	a9db8cb9-b6da-4b38-b963-229e08d015ba	0.005754630145314327
H4	3	39ddda08-35e7-488b-aa74-871accc9e690	a9d6b16a-4442-49f4-8225-41a80e8e3ecd	0.0004446375777050482
H4	3	75253790-707f-441e-82f9-b64a07f0d265	0cf82953-0aeb-493a-ab28-8c1289b9e523	0.023728074986574754
H4	3	928d228e-b38f-456e-92ee-44139acc7e1d	a0c3a356-c866-4b72-8189-45e474a10876	-0.01074594883018376
H4	3	a98c7154-f814-4555-b72a-56779e48a2af	2eb2f347-cb6a-476c-9a54-a4d71353fc5a	0.0019257349003408697
H4	3	ee45fc03-e871-4eed-8429-22dc6abfb2c2	8fb149e3-180f-4bd2-af58-80f4caaa100b	0.0026636502553977898
H4	3	ee45fc03-e871-4eed-8429-22dc6abfb2c2	984e4632-f6f2-498c-8b98-ef388dccd688	0.0027853376610531
H4	3	ee45fc03-e871-4eed-8429-22dc6abfb2c2	d82b0405-a227-4848-b7d3-bc8e80ee64ae	0.001567808159663578
H4	3	fa0384a6-8da8-4191-b07f-60026976b739	06210e73-129e-430f-9555-da7ba71a8f5c	0.00651943419986048
H4	4	0fb367bd-fc57-4515-a186-b81511cef35f	5cf9d5b4-d8fc-41ee-a8eb-9d7dfc3854b5	0.03261249992771975
H4	4	0fb367bd-fc57-4515-a186-b81511cef35f	a0eace2c-dbf7-4c54-8fed-4ee1012bc76a	0.03261249992771975
H4	4	25a6f29b-ea59-44a6-a17d-17810dbee563	94524ee4-61bc-469a-a4fa-62e4c041bdef	-0.020731651473356677
H4	4	25a6f29b-ea59-44a6-a17d-17810dbee563	b8117fbd-c0d3-4ecd-8ebb-f35d5e0d4499	0.0
H4	4	25a6f29b-ea59-44a6-a17d-17810dbee563	f4b20d60-d29e-45ab-a5ac-dc0e660433b0	0.0
H4	4	6482b57b-c5db-4585-9557-92e56e5a6fb6	53a13f7f-6a05-4395-8667-96f9449e03e5	0.003966590513894211
H4	4	77f2bc11-7378-45a7-a5c2-ccb8fca9966e	0bfc9077-b8f0-4175-ad83-a027112cdb1c	-0.014716397164690295
H4	4	77f2bc11-7378-45a7-a5c2-ccb8fca9966e	d24c27cc-f82f-4d9b-8615-8e764bc0aa09	-0.01543727981106513
H4	4	f4b20d60-d29e-45ab-a5ac-dc0e660433b0	ff4d218b-2375-45f4-b868-a62932bdcb00	0.0
H4	5	25e12342-699d-440c-90df-d19e6638bc5b	f23489d6-acfc-4434-979a-5f119e3000d4	0.0019012395647427238
H4	5	34c6c2ac-49ce-48c7-a20e-e53fea628e48	1167d0ee-7482-4331-a5f8-39741e68a0e4	-0.0040925283560201975
H4	5	34c6c2ac-49ce-48c7-a20e-e53fea628e48	f2bfe90e-72b2-4ec6-9dd8-ccc6b7c1b199	0.0032654347034450915
H4	5	42d3e43b-0461-4771-b28a-9ccc915cd5fd	61db24e3-abdf-4ed2-91eb-e9c2fc30f6f1	0.00097796581663126
H4	5	42d3e43b-0461-4771-b28a-9ccc915cd5fd	87e340a7-6a9f-4fbd-a06f-961e10dc172f	-0.0024872765269621927
H4	5	4e88ecc4-ef93-4ca3-a24c-c3d68a0edbe1	1aa04e15-5cf1-4198-a073-b152f25bb9ae	-0.0020567258413876077
H4	5	4e88ecc4-ef93-4ca3-a24c-c3d68a0edbe1	92a3a3b4-cd4f-4488-ae5e-0c6416209acc	0.008056486777335947
H4	5	7c53ab83-29a9-40d4-a166-6015b29a3f26	85f00d78-184e-49e9-a9fe-104097601cab	-0.012790219635898326
H4	5	7c53ab83-29a9-40d4-a166-6015b29a3f26	8f9b5adc-fa5d-4957-bf9c-8d8d28836cf5	-0.005467641090254022
H4	5	7c53ab83-29a9-40d4-a166-6015b29a3f26	b7fb57fa-d77a-41be-b0a8-1d442765f2d3	-0.011261733195939011
H4	5	92a3a3b4-cd4f-4488-ae5e-0c6416209acc	d4f22444-605a-4a2a-9c70-9fa13f800409	-0.014499059610072237
H4	5	92a3a3b4-cd4f-4488-ae5e-0c6416209acc	d727005f-dea7-4a63-b952-b2b81272072a	-0.010636991115187913
H4	5	92a3a3b4-cd4f-4488-ae5e-0c6416209acc	fd83d3f8-37fb-463d-83f2-bf195baba8aa	-0.002589732712892201
H4	5	e723f9c5-2bb6-45e3-aac2-fce14c85bf82	e766603a-0229-4709-9c43-c9a307fec308	0.0017932737339520222
H4	5	e723f9c5-2bb6-45e3-aac2-fce14c85bf82	f3521a96-bb8e-4b2c-96f1-5a617a86e816	-0.0010861326876726307
H4	5	f2bfe90e-72b2-4ec6-9dd8-ccc6b7c1b199	48d78f79-3519-4ba0-a3eb-8d3bc4bf4edd	0.02659261845253419
H4	5	f2bfe90e-72b2-4ec6-9dd8-ccc6b7c1b199	56352bc2-1a14-4b5f-ab8f-59aeab1f4122	-0.004271772232394666
H4	5	f2bfe90e-72b2-4ec6-9dd8-ccc6b7c1b199	9ad33aed-ab43-4d9a-9ac1-4e50c721217a	0.023024431377895754
H4	5	f700c72c-366f-4600-a7dd-e607ad069aae	29cc89a0-61b1-428a-88b5-eef751217157	-0.0015141629017160763
H4	5	f700c72c-366f-4600-a7dd-e607ad069aae	7894c5d4-e004-44fe-9414-93b9b6f43e95	-0.009493366933926314
H4	5	f700c72c-366f-4600-a7dd-e607ad069aae	97f9c6cd-a563-4418-a4e7-209c4f06a95c	-0.005205745443141188
H4	5	f700c72c-366f-4600-a7dd-e607ad069aae	984fdda6-86f8-4706-a3d5-547ce566d8fc	0.010580758686735442
