class	run	parent_id	children	median_delta	improved
A1	1	bce75308-c5d6-42ef-b5a1-a2969744059c	1	-0.0003829192626342848	0
A1	1	bd0f5c9b-f668-4939-a905-f0e7d7898b3e	8	0.005610367204578914	1
A1	2	2dc4c88a-f185-4230-8b3b-7b8360b72807	2	0.0015234517379477189	1
A1	2	2f2332b6-bd8d-4d82-b30e-d1f14fa39078	1	0.0029801159968539104	1
A1	3	ee45fc03-e871-4eed-8429-22dc6abfb2c2	1	0.0027853376610531	1
A1	4	25a6f29b-ea59-44a6-a17d-17810dbee563	2	0.01848400896906388	1
A1	5	8e75c695-9274-46f6-b18f-36fa3e7dc86f	1	-0.008163648654487071	0
A1	5	f700c72c-366f-4600-a7dd-e607ad069aae	1	0.010580758686735442	1
A2	1	0e77772a-f113-4ee0-b02c-a0c79e26b76b	1	0.007084401451477901	1
A2	1	582b0665-a80a-4c9b-a869-a64a794a05ca	1	-0.0014083720697292412	0
A2	1	5d7911a6-65c3-4d8a-9f11-b502901a7645	1	0.0038673039351927313	1
A2	1	6643b601-ed09-436e-8c4e-6f191a845e74	1	0.013156940362559225	1
A2	1	670ad858-51ec-41bc-bcd0-c3f274f61bbc	1	-0.008811919148198372	0
A2	1	6fdf613a-4378-4875-a495-cf5e3b6ba410	1	0.007632129065374402	1
A2	1	7c34a251-1889-4078-9b4a-904bc80c1df4	1	0.0021975347827380837	1
A2	1	d24788f8-70e7-4230-a482-df32ea2b3b6f	1	-0.009256706423874425	0
A2	2	15b7a378-b6fc-4e2b-92ae-731daad7f7f1	2	-0.005457219263807912	0
A2	2	2f2332b6-bd8d-4d82-b30e-d1f14fa39078	1	0.0029801159968539104	1
A2	3	4bbbc6d2-0c44-4672-9e71-6564a1633aa3	1	0.004029390040949349	1
A2	4	8777238d-bbcc-45f2-85a6-c11933a7e80a	1	0.0084228630949231	1
A2	4	c840f89c-e942-4285-9cd0-c6ecd5bc87b3	1	0.00031350088509515817	1
A2	4	ca49e2ab-ebc4-4813-af2c-e4d2068ef23b	2	-0.00745873088064692	0
A2	4	f321050c-0eef-4c63-baf6-c4150d58196e	1	-0.018559489426273362	0
A2	5	5a60bbe2-4166-42c2-b0e2-cd82d6389199	1	-0.010409066106551346	0
H1	1	0a256d33-42a1-4c0f-be2d-603f87c2bacf	1	0.0	0
H1	1	190ec0a6-993b-47e0-a9c9-db58e21b5fa2	1	0.01092389874942333	1
H1	1	5e136490-e493-4448-a5a5-f94055e0c55b	2	0.005980985776166042	1
H1	1	bec07baf-e9ab-4247-8123-7fe1bdc8b7b7	1	0.0	0
H1	1	d24788f8-70e7-4230-a482-df32ea2b3b6f	2	0.028510141139676426	1
H1	2	0f7666d0-d632-494e-a2f8-74e158fe4cd9	1	0.007072415344426847	1
H1	2	0fd9e4b2-3748-4276-b476-12e4af0445b7	1	-0.0012235666449218058	0
H1	2	15b7a378-b6fc-4e2b-92ae-731daad7f7f1	1	0.028510141139676426	1
H1	2	2dc4c88a-f185-4230-8b3b-7b8360b72807	2	0.005278542385384805	1
H1	2	e4bb6d64-0835-4686-8f6d-07ea3a62f50d	1	0.008821858560098789	1
H1	3	4bbbc6d2-0c44-4672-9e71-6564a1633aa3	2	-0.004084407001505766	0
H1	3	73b4b3d5-7b93-4d95-90e7-a4d1d4548d84	1	0.00431990059617629	1
H1	4	0cec65ac-7c0c-433b-87b2-ddfce5e26b00	2	0.0010554219020415812	1
H1	4	3708e5df-2a38-40b8-8fd2-dec56600b6cc	1	0.0026692337844879677	1
H1	4	7990f1f1-8dad-4e1b-a701-8b50710ef25c	3	0.0	0
H1	4	f321050c-0eef-4c63-baf6-c4150d58196e	2	-0.001921063732474755	0
H1	5	7894c5d4-e004-44fe-9414-93b9b6f43e95	1	0.01092074622331464	1
H1	5	7dfda247-dfa9-4272-839f-f2709587a6c1	2	-0.018301451624259224	0
H1	5	85f00d78-184e-49e9-a9fe-104097601cab	2	0.002793518024577467	1
H2	1	7b8f92db-9a64-457e-8745-0c561f82a023	1	-0.018144161730734326	0
H2	1	edb182d6-fe1b-46a4-afb8-8c7fabb38023	3	-0.004188944647718115	0
H2	3	7890ce67-7504-4f41-9014-ada61e30410a	3	0.030971035917942716	1
H2	4	ca49e2ab-ebc4-4813-af2c-e4d2068ef23b	8	0.014820774778591228	1
H2	5	30a17437-dd06-41a3-917a-6f1a0cb824d3	1	-0.013205435427640966	0
H2	5	85489bfd-4600-43fa-99b7-d13285b94fed	2	-0.017643630222780038	0
H2	5	e398b8bc-5328-4f9a-914c-b159ab95f095	2	-0.02199385667256841	0
H3	1	bd0f5c9b-f668-4939-a905-f0e7d7898b3e	8	0.005610367204578914	1
H3	1	d71df570-82fb-4519-b386-bea5f8989e8e	2	-0.018159191593965347	0
H3	2	2f2332b6-bd8d-4d82-b30e-d1f14fa39078	1	0.0029801159968539104	1
H3	2	a9db8cb9-b6da-4b38-b963-229e08d015ba	3	0.007953514682150553	1
H3	3	0cf82953-0aeb-493a-ab28-8c1289b9e523	3	0.002812157889007766	1
H3	4	25a6f29b-ea59-44a6-a17d-17810dbee563	5	0.0	0
H3	4	35f7318a-f162-4453-8310-6a11b2e038ac	2	-0.0046701604696566534	0
H3	4	5f396ba7-3904-4876-972b-69b63a5b252c	2	6.741256453435956e-05	1
H3	5	42d3e43b-0461-4771-b28a-9ccc915cd5fd	2	-0.0007546553551654664	0
H3	5	773338c2-8cc9-4b49-977e-f56bd61e459e	1	-0.0007182366724127198	0
H3	5	8e75c695-9274-46f6-b18f-36fa3e7dc86f	1	-0.008163648654487071	0
H3	5	984fdda6-86f8-4706-a3d5-547ce566d8fc	1	-0.01040818543604019	0
H3	5	f23489d6-acfc-4434-979a-5f119e3000d4	1	-0.0008492066181839536	0
H4	1	04a41696-81cb-46c3-b916-b9ffadca9ad6	3	-0.057682154247242656	0
H4	1	05619d13-6039-4479-9d12-4ab2e9f0eb87	4	-0.016921063958843498	0
H4	1	1f1e294b-cd26-48fb-a59a-dffd1909af07	2	-0.00302126226764958	0
H4	1	1fc92485-1b69-45e2-afb1-507e41aa08dd	1	0.005790539745280543	1
H4	1	3af7aced-b8cb-48c6-afa2-88a2e35526c2	1	0.002113116860005232	1
H4	1	582b0665-a80a-4c9b-a869-a64a794a05ca	1	0.000934004404055111	1
H4	1	807af433-b120-4583-bd5d-75d963245d14	1	0.0006291125404165321	1
H4	1	bce75308-c5d6-42ef-b5a1-a2969744059c	3	-0.0003829192626342848	0
H4	1	d4d77a88-d51b-4136-b432-0eddea3e2c9d	1	-0.04990909015231951	0
H4	2	275ae460-d1b3-4d7b-93de-ca9fed2e1c14	1	-0.04036485886384157	0
H4	2	2c075db5-5400-417f-8a73-ffdd5d446a34	1	-0.0033724564105556826	0
H4	2	2e6b770b-e8a3-4dd7-bb65-cbeb4bf59f27	4	-0.03367614512047356	0
H4	2	7ca40b08-117a-4a3e-9462-8e051e352b63	5	-0.04350083947576122	0
H4	2	c1c63448-0032-45c2-a597-c77cbe244528	2	0.005754630145314327	1
H4	3	39ddda08-35e7-488b-aa74-871accc9e690	1	0.0004446375777050482	1
H4	3	75253790-707f-441e-82f9-b64a07f0d265	1	0.023728074986574754	1
H4	3	928d228e-b38f-456e-92ee-44139acc7e1d	1	-0.01074594883018376	0
H4	3	a98c7154-f814-4555-b72a-56779e48a2af	1	0.0019257349003408697	1
H4	3	ee45fc03-e871-4eed-8429-22dc6abfb2c2	3	0.0026636502553977898	1
H4	3	fa0384a6-8da8-4191-b07f-60026976b739	1	0.00651943419986048	1
H4	4	0fb367bd-fc57-4515-a186-b81511cef35f	2	0.03261249992771975	1
H4	4	25a6f29b-ea59-44a6-a17d-17810dbee563	3	0.0	0
H4	4	6482b57b-c5db-4585-9557-92e56e5a6fb6	1	0.003966590513894211	1
H4	4	77f2bc11-7378-45a7-a5c2-ccb8fca9966e	2	-0.015076838487877713	0
H4	4	f4b20d60-d29e-45ab-a5ac-dc0e660433b0	1	0.0	0
H4	5	25e12342-699d-440c-90df-d19e6638bc5b	1	0.0019012395647427238	1
H4	5	34c6c2ac-49ce-48c7-a20e-e53fea628e48	2	-0.000413546826287553	0
H4	5	42d3e43b-0461-4771-b28a-9ccc915cd5fd	2	-0.0007546553551654664	0
H4	5	4e88ecc4-ef93-4ca3-a24c-c3d68a0edbe1	2	0.0029998804679741697	1
H4	5	7c53ab83-29a9-40d4-a166-6015b29a3f26	3	-0.011261733195939011	0
H4	5	92a3a3b4-cd4f-4488-ae5e-0c6416209acc	3	-0.010636991115187913	0
H4	5	e723f9c5-2bb6-45e3-aac2-fce14c85bf82	2	0.0003535705231396957	1
H4	5	f2bfe90e-72b2-4ec6-9dd8-ccc6b7c1b199	3	0.023024431377895754	1
H4	5	f700c72c-366f-4600-a7dd-e607ad069aae	4	-0.003359954172428632	0
